learning_rate,optimizer,batch_size,transform,val_loss,val_acc
0.001,SGD,16,"Compose(
    Resize(size=(224, 224), interpolation=bilinear, max_size=None, antialias=warn)
    RandomHorizontalFlip(p=0.5)
    ToTensor()
    Normalize(mean=[0.485, 0.456, 0.406], std=[0.229, 0.224, 0.225])
)",2.30601454621687,0.6031226391337194
0.001,SGD,16,"Compose(
    Resize(size=(224, 224), interpolation=bilinear, max_size=None, antialias=warn)
    RandomHorizontalFlip(p=0.5)
    RandomRotation(degrees=[-10.0, 10.0], interpolation=nearest, expand=False, fill=0)
    ColorJitter(brightness=(0.8, 1.2), contrast=(0.8, 1.2), saturation=(0.8, 1.2), hue=(-0.2, 0.2))
    ToTensor()
    Normalize(mean=[0.485, 0.456, 0.406], std=[0.229, 0.224, 0.225])
)",2.382563809638839,0.5041551246537396
0.001,SGD,32,"Compose(
    Resize(size=(224, 224), interpolation=bilinear, max_size=None, antialias=warn)
    RandomHorizontalFlip(p=0.5)
    ToTensor()
    Normalize(mean=[0.485, 0.456, 0.406], std=[0.229, 0.224, 0.225])
)",2.1619361291691805,0.5771845882649206
0.001,SGD,32,"Compose(
    Resize(size=(224, 224), interpolation=bilinear, max_size=None, antialias=warn)
    RandomHorizontalFlip(p=0.5)
    RandomRotation(degrees=[-10.0, 10.0], interpolation=nearest, expand=False, fill=0)
    ColorJitter(brightness=(0.8, 1.2), contrast=(0.8, 1.2), saturation=(0.8, 1.2), hue=(-0.2, 0.2))
    ToTensor()
    Normalize(mean=[0.485, 0.456, 0.406], std=[0.229, 0.224, 0.225])
)",2.5493847880126905,0.46512213548224624
0.001,Adam,16,"Compose(
    Resize(size=(224, 224), interpolation=bilinear, max_size=None, antialias=warn)
    RandomHorizontalFlip(p=0.5)
    ToTensor()
    Normalize(mean=[0.485, 0.456, 0.406], std=[0.229, 0.224, 0.225])
)",2.4242204565510765,0.4804835054142533
0.001,Adam,16,"Compose(
    Resize(size=(224, 224), interpolation=bilinear, max_size=None, antialias=warn)
    RandomHorizontalFlip(p=0.5)
    RandomRotation(degrees=[-10.0, 10.0], interpolation=nearest, expand=False, fill=0)
    ColorJitter(brightness=(0.8, 1.2), contrast=(0.8, 1.2), saturation=(0.8, 1.2), hue=(-0.2, 0.2))
    ToTensor()
    Normalize(mean=[0.485, 0.456, 0.406], std=[0.229, 0.224, 0.225])
)",2.971111152550941,0.3563334172752455
0.001,Adam,32,"Compose(
    Resize(size=(224, 224), interpolation=bilinear, max_size=None, antialias=warn)
    RandomHorizontalFlip(p=0.5)
    ToTensor()
    Normalize(mean=[0.485, 0.456, 0.406], std=[0.229, 0.224, 0.225])
)",2.836675101279972,0.5033996474439687
0.001,Adam,32,"Compose(
    Resize(size=(224, 224), interpolation=bilinear, max_size=None, antialias=warn)
    RandomHorizontalFlip(p=0.5)
    RandomRotation(degrees=[-10.0, 10.0], interpolation=nearest, expand=False, fill=0)
    ColorJitter(brightness=(0.8, 1.2), contrast=(0.8, 1.2), saturation=(0.8, 1.2), hue=(-0.2, 0.2))
    ToTensor()
    Normalize(mean=[0.485, 0.456, 0.406], std=[0.229, 0.224, 0.225])
)",3.113261499323253,0.3598589775875094
0.0001,SGD,16,"Compose(
    Resize(size=(224, 224), interpolation=bilinear, max_size=None, antialias=warn)
    RandomHorizontalFlip(p=0.5)
    ToTensor()
    Normalize(mean=[0.485, 0.456, 0.406], std=[0.229, 0.224, 0.225])
)",2.0399623994291716,0.4734323847897255
0.0001,SGD,16,"Compose(
    Resize(size=(224, 224), interpolation=bilinear, max_size=None, antialias=warn)
    RandomHorizontalFlip(p=0.5)
    RandomRotation(degrees=[-10.0, 10.0], interpolation=nearest, expand=False, fill=0)
    ColorJitter(brightness=(0.8, 1.2), contrast=(0.8, 1.2), saturation=(0.8, 1.2), hue=(-0.2, 0.2))
    ToTensor()
    Normalize(mean=[0.485, 0.456, 0.406], std=[0.229, 0.224, 0.225])
)",2.2419142635725393,0.4006547469151347
0.0001,SGD,32,"Compose(
    Resize(size=(224, 224), interpolation=bilinear, max_size=None, antialias=warn)
    RandomHorizontalFlip(p=0.5)
    ToTensor()
    Normalize(mean=[0.485, 0.456, 0.406], std=[0.229, 0.224, 0.225])
)",2.23721387935087,0.39058171745152354
0.0001,SGD,32,"Compose(
    Resize(size=(224, 224), interpolation=bilinear, max_size=None, antialias=warn)
    RandomHorizontalFlip(p=0.5)
    RandomRotation(degrees=[-10.0, 10.0], interpolation=nearest, expand=False, fill=0)
    ColorJitter(brightness=(0.8, 1.2), contrast=(0.8, 1.2), saturation=(0.8, 1.2), hue=(-0.2, 0.2))
    ToTensor()
    Normalize(mean=[0.485, 0.456, 0.406], std=[0.229, 0.224, 0.225])
)",2.389419747791852,0.3374464870309745
0.0001,Adam,16,"Compose(
    Resize(size=(224, 224), interpolation=bilinear, max_size=None, antialias=warn)
    RandomHorizontalFlip(p=0.5)
    ToTensor()
    Normalize(mean=[0.485, 0.456, 0.406], std=[0.229, 0.224, 0.225])
)",2.2559963032749613,0.6013598589775875
0.0001,Adam,16,"Compose(
    Resize(size=(224, 224), interpolation=bilinear, max_size=None, antialias=warn)
    RandomHorizontalFlip(p=0.5)
    RandomRotation(degrees=[-10.0, 10.0], interpolation=nearest, expand=False, fill=0)
    ColorJitter(brightness=(0.8, 1.2), contrast=(0.8, 1.2), saturation=(0.8, 1.2), hue=(-0.2, 0.2))
    ToTensor()
    Normalize(mean=[0.485, 0.456, 0.406], std=[0.229, 0.224, 0.225])
)",2.23051477102992,0.5545202719717954
0.0001,Adam,32,"Compose(
    Resize(size=(224, 224), interpolation=bilinear, max_size=None, antialias=warn)
    RandomHorizontalFlip(p=0.5)
    ToTensor()
    Normalize(mean=[0.485, 0.456, 0.406], std=[0.229, 0.224, 0.225])
)",1.9913344437876086,0.6134474943339209
0.0001,Adam,32,"Compose(
    Resize(size=(224, 224), interpolation=bilinear, max_size=None, antialias=warn)
    RandomHorizontalFlip(p=0.5)
    RandomRotation(degrees=[-10.0, 10.0], interpolation=nearest, expand=False, fill=0)
    ColorJitter(brightness=(0.8, 1.2), contrast=(0.8, 1.2), saturation=(0.8, 1.2), hue=(-0.2, 0.2))
    ToTensor()
    Normalize(mean=[0.485, 0.456, 0.406], std=[0.229, 0.224, 0.225])
)",2.6438887210854114,0.4656257869554268
